"Country","Observed","Predicted","Lower","Upper"
"Benin",0.195876288659794,0.33372217343595,0.169525820643894,0.57203135958682
"Benin",0.314285714285714,0.258795426977129,0.0970842247333881,0.557782853059812
"Benin",0.285714285714286,0.281914878368653,0.1228540918506,0.535989064827364
"Benin",0.204545454545455,0.262135619027011,0.0945316967244151,0.584809609586055
"Benin",0.274193548387097,0.272520350888159,0.0939181011711454,0.589877452533006
"Benin",0.223300970873786,0.28548915564181,0.0773965539775128,0.616589294782353
"Benin",0.151260504201681,0.282713923286092,0.0336249744502508,0.799865176209289
"Benin",0.127272727272727,0.264474567137758,0.112295688308299,0.513540207891398
"Benin",0.0645161290322581,0.31035312526218,0.0241269338246727,0.883052862787279
"Benin",0.0714285714285714,0.270376155997891,0.115076870402501,0.54457584839212
"Benin",0.0526315789473684,0.41509934477193,0.201349644936338,0.635018938166595
"Benin",0.3,0.326451190355745,0.152988797390885,0.634560157139663
"Benin",0.257142857142857,0.231449674968389,0.116780504243188,0.44298136923218
"Benin",0.272727272727273,0.311146105716112,0.153161238399712,0.544105461681005
"Benin",0.141176470588235,0.422699169369592,0.216121711271834,0.630079571834687
"Benin",0.202702702702703,0.271288889793518,0.115819920379862,0.53134572942512
"Benin",0.0652173913043478,0.275104441655055,0.0323464417251959,0.78173500196313
"Benin",0.308510638297872,0.231854260565692,0.0744611967793524,0.502717350386154
"Benin",0.0560747663551402,0.314544066613436,0.0571115083047626,0.711541546782516
"Congo",0.282208588957055,0.203027734609737,0.0469044880988098,0.512186088513683
"Congo",0.465909090909091,0.304485117453024,0.0855868739893547,0.653496914990871
"Congo",0.13953488372093,0.227246680440837,0.0554707487493787,0.497495464893041
"Cameroon",0.416666666666667,0.299965316995127,0.206776288413385,0.392575831904446
"Cameroon",0.428571428571429,0.245084626867315,0.134469435025755,0.369424826642604
"Cameroon",0.666666666666667,0.26445691600683,0.167549734077014,0.369334574549746
"Cameroon",0.588235294117647,0.266909499372195,0.15671189046862,0.377198220294343
"Cameroon",0,0.211032040989953,0.114678717499262,0.326804538832796
"Cameroon",0.666666666666667,0.246351628558369,0.150855109383771,0.346135075836065
"Cameroon",0.584158415841584,0.261678662313814,0.16365788514471,0.360260027102544
"Cameroon",0.533333333333333,0.253912403566799,0.163036423775378,0.349485169508195
"Cameroon",0.454545454545455,0.240845618778349,0.139643258394919,0.348236740944368
"Cameroon",0.619718309859155,0.257734901936916,0.142067510652466,0.380742108898127
"Cameroon",0.456521739130435,0.20071695612046,0.0978162283563612,0.327586615522895
"Cameroon",1,0.20599309802277,0.113873084514411,0.316809792106829
"Cameroon",0.269230769230769,0.221402461272387,0.0789980907323246,0.42785015570716
"Cameroon",0.5,0.347953449616021,0.0794055524051247,0.671758353911021
"Gabon",0.5,0.742270049933185,0.566715816561695,0.87219541546816
"Gabon",0,0.724012490394674,0.569818202136171,0.838914455777025
"Gabon",0.375,0.726698766812437,0.574997846779885,0.840030321709586
"Gabon",0.290322580645161,0.723945279451086,0.561335505386634,0.852599128111012
"Gabon",0.52,0.735356641998418,0.577511218878186,0.860765420981465
"Gabon",0.289156626506024,0.733455620427352,0.579653419561944,0.858567835542342
"Gabon",0.428571428571429,0.626501985340228,0.483040069068577,0.751358707798916
"Gabon",0.6,0.628680733795204,0.487377251301882,0.752201323209083
"Gabon",0.545454545454545,0.668764755197121,0.529657184337141,0.784539823103758
"Gabon",0.307692307692308,0.679061133098599,0.542680700973074,0.793878188438655
"Gabon",0.333333333333333,0.692092647274372,0.542601276649564,0.806937145977059
"Gabon",0.256410256410256,0.683186372095209,0.542904359795532,0.797586661163574
"Gabon",0.464646464646465,0.709037776658336,0.574566955692685,0.822157118382525
"Gabon",0.333333333333333,0.704142340237198,0.561521541418475,0.821903405912275
"Gabon",0.261261261261261,0.704424461243549,0.562084777144103,0.821780757452595
"Gabon",0.4,0.701250230641951,0.555824160063362,0.823176838986654
"Gabon",0.304347826086957,0.702115430921802,0.557528531414674,0.822800956238938
"Gabon",0.5,0.70433331710178,0.561912986633843,0.821826342098488
"Gabon",0.4,0.705780117880541,0.564983383057746,0.821130806190434
"Gabon",0.323943661971831,0.70617993751535,0.565846626735683,0.821517636482678
"Gabon",0.477777777777778,0.69624165185689,0.546443563410212,0.816170148018911
