"Fold","Country","Observed","Predicted","Lower95","Upper95"
"Benin_2","Benin",0.195876288659794,0.198304382732447,0.132704328528844,0.281672881638057
"Benin_2","Benin",0.127272727272727,0.218032944598516,0.165305933032971,0.289137400656337
"Benin_2","Benin",0.0714285714285714,0.215034299135526,0.150527267259217,0.299838297951984
"Benin_1","Benin",0.314285714285714,0.205043540192687,0.127884111342126,0.320055057486766
"Benin_1","Benin",0.285714285714286,0.191388824133476,0.130241505592187,0.288300776523485
"Benin_1","Benin",0.3,0.157746541534685,0.101909437171131,0.240740312415178
"Benin_1","Benin",0.272727272727273,0.191529446314992,0.137404955559394,0.272943221182859
"Benin_1","Benin",0.202702702702703,0.17143472325151,0.120326636011216,0.240940375857953
"Benin_1","Benin",0.308510638297872,0.149605119036508,0.0707765913319046,0.269904357871208
"Benin_3","Benin",0.204545454545455,0.26359009599651,0.153186256562959,0.3896173301813
"Benin_3","Benin",0.274193548387097,0.272093632253838,0.151133197098881,0.40345395791996
"Benin_3","Benin",0.223300970873786,0.213120214346952,0.0875817173215496,0.41958651619822
"Benin_3","Benin",0.151260504201681,0.192470008979823,0.0258310196808065,0.588624537680317
"Benin_3","Benin",0.0645161290322581,0.19647709929488,0.0156361764634006,0.69494180445768
"Benin_3","Benin",0.0652173913043478,0.169898142874817,0.0280860302702523,0.52759967412064
"Benin_3","Benin",0.0560747663551402,0.230141724199489,0.0586369610227273,0.555122847715144
"Benin_4","Benin",0.0526315789473684,0.320860715549812,0.196879995883235,0.442502645500373
"Benin_4","Benin",0.257142857142857,0.222702050722962,0.145971632963768,0.329577838271138
"Benin_4","Benin",0.141176470588235,0.310519972401886,0.169865244081958,0.44911941290978
"Cameroon_3","Cameroon",0.416666666666667,0.536763166970682,0.405786555155241,0.678104538050925
"Cameroon_3","Cameroon",0.428571428571429,0.467156895860599,0.331942675310411,0.632244147584675
"Cameroon_3","Cameroon",0.666666666666667,0.48428897064739,0.377931902859439,0.598782742147827
"Cameroon_3","Cameroon",0.584158415841584,0.492553870337272,0.373107595383684,0.629116125648062
"Cameroon_2","Cameroon",0.666666666666667,0.399231858914602,0.300000110140068,0.533451753404213
"Cameroon_2","Cameroon",0.588235294117647,0.392378818531806,0.274771909917046,0.558545483276873
"Cameroon_2","Cameroon",0,0.354990084779359,0.255543035442828,0.467473924176319
"Cameroon_2","Cameroon",0.533333333333333,0.39159196321697,0.303226487069249,0.508237592244382
"Cameroon_2","Cameroon",0.454545454545455,0.373686301047712,0.259865684458975,0.521694383541457
"Cameroon_2","Cameroon",0.619718309859155,0.385274876460075,0.270815578355278,0.558734486331399
"Cameroon_2","Cameroon",0.456521739130435,0.341763694437074,0.214773882756004,0.498177695718356
"Cameroon_2","Cameroon",1,0.344667703141417,0.231564609050127,0.471946647755705
"Cameroon_1","Cameroon",0.269230769230769,0.454743673787826,0.25020680764559,0.648892914824575
"Cameroon_1","Cameroon",0.5,0.574242171302515,0.217030885811177,0.883223222475665
"Congo_1","Congo",0.282208588957055,0.237514414380495,0.103874923781907,0.537187903018842
"Congo_1","Congo",0.465909090909091,0.353767115985896,0.120568388821103,0.682065321345377
"Congo_1","Congo",0.13953488372093,0.268679393940618,0.117680181507736,0.506058019421925
"Gabon_1","Gabon",0.5,0.45082330682797,0.235767713582337,0.725874562152079
"Gabon_3","Gabon",0,0.38157113819327,0.271810626023867,0.474413993194656
"Gabon_3","Gabon",0.375,0.38407142186922,0.272729854126428,0.474762410340325
"Gabon_3","Gabon",0.290322580645161,0.38049147530931,0.253728992362148,0.494244878785943
"Gabon_3","Gabon",0.52,0.392526772606882,0.266708771167805,0.510710221385597
"Gabon_3","Gabon",0.289156626506024,0.39060047807222,0.264413576030237,0.508120222473352
"Gabon_2","Gabon",0.428571428571429,0.442179154377795,0.185682364540233,0.687267439218229
"Gabon_2","Gabon",0.6,0.445084194035586,0.189181139989502,0.690044956784729
"Gabon_2","Gabon",0.545454545454545,0.484630555821861,0.214187565757176,0.732854356378682
"Gabon_2","Gabon",0.307692307692308,0.494092509152675,0.227466459045659,0.743775702388383
"Gabon_2","Gabon",0.333333333333333,0.517622797008245,0.25343917715377,0.761799813432053
"Gabon_2","Gabon",0.256410256410256,0.500626074024067,0.234747164804089,0.74956951841462
"Gabon_2","Gabon",0.477777777777778,0.515640964373322,0.245973431832239,0.766688080584367
"Gabon_4","Gabon",0.464646464646465,0.430439960959516,0.291961667466645,0.548924200860375
"Gabon_4","Gabon",0.333333333333333,0.426051778131879,0.287546128251016,0.546240472350224
"Gabon_4","Gabon",0.261261261261261,0.426303587047099,0.287736810076409,0.546118618677057
"Gabon_4","Gabon",0.4,0.42351511012912,0.285745241202303,0.546941122101528
"Gabon_4","Gabon",0.304347826086957,0.42427164002739,0.286294175335659,0.547138955261424
"Gabon_4","Gabon",0.5,0.426226538994362,0.287703046194104,0.546164864531211
"Gabon_4","Gabon",0.4,0.427516828444537,0.288641055947767,0.546691239535949
"Gabon_4","Gabon",0.323943661971831,0.42787712304635,0.288913158424457,0.546974569687781
