"Fold","RMSE","MAE","Correlation","Coverage95"
"Benin_2",0.098091653943466,0.0789313463684654,-0.821944854869553,0.333333333333333
"Benin_1",0.110972165694158,0.102865403210665,0.0446375248507247,0.666666666666667
"Benin_3",0.0955911036316113,0.0747490712238188,0.677066403382242,0.857142857142857
"Benin_4",0.184219308141008,0.15733781494533,-0.939259537503851,0.333333333333333
"Cameroon_3",0.119963561585954,0.108166052279194,-0.322629985818194,0.75
"Cameroon_2",0.308245329651667,0.255676958335299,0.0976785662656271,0.25
"Cameroon_1",0.141292140186402,0.129877537929786,1,1
"Congo_1",0.102064842625717,0.0953268865731473,0.756344081418805,1
"Gabon_1",0.0491766931720301,0.0491766931720301,NA,1
"Gabon_3",0.189920790059642,0.14194570673719,0.637057543773777,0.6
"Gabon_2",0.150079151903285,0.1260165986783,-0.514311798704371,1
"Gabon_4",0.092832045573494,0.0800787436081974,0.321013754942712,0.875
